,geoFIPS,NAME
0,g01029,Cleburne
1,g01031,Coffee
2,g01037,Coosa
3,g01039,Covington
4,g01041,Crenshaw
5,g01045,Dale
6,g01049,DeKalb
7,g01053,Escambia
8,g01057,Fayette
9,g01061,Geneva
10,g01067,Henry
11,g01075,Lamar
12,g01077,Lauderdale
13,g01079,Lawrence
14,g01001,Autauga
15,g01003,Baldwin
16,g01005,Barbour
17,g01007,Bibb
18,g01009,Blount
19,g01011,Bullock
20,g01023,Choctaw
21,g01025,Clarke
22,g01027,Clay
23,g01033,Colbert
24,g01035,Conecuh
25,g01043,Cullman
26,g01047,Dallas
27,g01051,Elmore
28,g01055,Etowah
29,g01059,Franklin
30,g01063,Greene
31,g01065,Hale
32,g01071,Jackson
33,g01073,Jefferson
34,g01085,Lowndes
35,g01087,Macon
36,g01089,Madison
37,g01091,Marengo
38,g01095,Marshall
39,g01097,Mobile
40,g01099,Monroe
41,g01107,Pickens
42,g01109,Pike
43,g01113,Russell
44,g01115,St. Clair
45,g01117,Shelby
46,g01119,Sumter
47,g01121,Talladega
48,g01129,Washington
49,g01131,Wilcox
50,g01013,Butler
51,g01015,Calhoun
52,g01017,Chambers
53,g01019,Cherokee
54,g01021,Chilton
55,g01123,Tallapoosa
56,g01125,Tuscaloosa
57,g01127,Walker
58,g01133,Winston
59,g01101,Montgomery
60,g01069,Houston
61,g01081,Lee
62,g01083,Limestone
63,g01093,Marion
64,g01103,Morgan
65,g01105,Perry
66,g01111,Randolph
67,g02013,Aleutians East
68,g02016,Aleutians West
69,g02020,Anchorage
70,g02050,Bethel
71,g02060,Bristol Bay
72,g02068,Denali
73,g02070,Dillingham
74,g02090,Fairbanks North Star
75,g02105,Hoonah-Angoon
76,g02110,Juneau
77,g02122,Kenai Peninsula
78,g02130,Ketchikan Gateway
79,g02164,Lake and Peninsula
80,g02170,Matanuska-Susitna
81,g02180,Nome
82,g02185,North Slope
83,g02188,Northwest Arctic
84,g02220,Sitka
85,g02240,Southeast Fairbanks
86,g02270,Wade Hampton
87,g02275,Wrangell
88,g02290,Yukon-Koyukuk
89,g02195,Petersburg
90,g02198,Prince of Wales-Hyder
91,g02230,Skagway
92,g02261,Valdez-Cordova
93,g02282,Yakutat
94,g02100,Haines
95,g02150,Kodiak Island
96,g04001,Apache
97,g04003,Cochise
98,g04005,Coconino
99,g04007,Gila
100,g04009,Graham
101,g04011,Greenlee
102,g04012,La Paz
103,g04013,Maricopa
104,g04015,Mohave
105,g04017,Navajo
106,g04019,Pima
107,g04021,Pinal
108,g04023,Santa Cruz
109,g04025,Yavapai
110,g04027,Yuma
111,g05049,Fulton
112,g05051,Garland
113,g05053,Grant
114,g05055,Greene
115,g05059,Hot Spring
116,g05065,Izard
117,g05071,Johnson
118,g05075,Lawrence
119,g05077,Lee
120,g05001,Arkansas
121,g05003,Ashley
122,g05005,Baxter
123,g05007,Benton
124,g05011,Bradley
125,g05013,Calhoun
126,g05017,Chicot
127,g05019,Clark
128,g05021,Clay
129,g05029,Conway
130,g05037,Cross
131,g05039,Dallas
132,g05041,Desha
133,g05045,Faulkner
134,g05057,Hempstead
135,g05061,Howard
136,g05063,Independence
137,g05067,Jackson
138,g05069,Jefferson
139,g05073,Lafayette
140,g05081,Little River
141,g05085,Lonoke
142,g05091,Miller
143,g05093,Mississippi
144,g05095,Monroe
145,g05097,Montgomery
146,g05099,Nevada
147,g05103,Ouachita
148,g05107,Phillips
149,g05109,Pike
150,g05117,Prairie
151,g05121,Randolph
152,g05131,Sebastian
153,g05133,Sevier
154,g05139,Union
155,g05145,White
156,g05147,Woodruff
157,g05009,Boone
158,g05015,Carroll
159,g05023,Cleburne
160,g05025,Cleveland
161,g05027,Columbia
162,g05031,Craighead
163,g05033,Crawford
164,g05035,Crittenden
165,g05043,Drew
166,g05047,Franklin
167,g05143,Washington
168,g05149,Yell
169,g05079,Lincoln
170,g05083,Logan
171,g05087,Madison
172,g05089,Marion
173,g05101,Newton
174,g05105,Perry
175,g05111,Poinsett
176,g05113,Polk
177,g05115,Pope
178,g05119,Pulaski
179,g05123,St. Francis
180,g05125,Saline
181,g05127,Scott
182,g05129,Searcy
183,g05135,Sharp
184,g05137,Stone
185,g05141,Van Buren
186,g06035,Lassen
187,g06049,Modoc
188,g06075,San Francisco
189,g06083,Santa Barbara
190,g06091,Sierra
191,g06095,Solano
192,g06101,Sutter
193,g06105,Trinity
194,g06111,Ventura
195,g06115,Yuba
196,g06033,Lake
197,g06071,San Bernardino
198,g06087,Santa Cruz
199,g06001,Alameda
200,g06003,Alpine
201,g06005,Amador
202,g06007,Butte
203,g06009,Calaveras
204,g06011,Colusa
205,g06013,Contra Costa
206,g06015,Del Norte
207,g06017,El Dorado
208,g06019,Fresno
209,g06021,Glenn
210,g06023,Humboldt
211,g06025,Imperial
212,g06027,Inyo
213,g06029,Kern
214,g06031,Kings
215,g06037,Los Angeles
216,g06039,Madera
217,g06041,Marin
218,g06043,Mariposa
219,g06045,Mendocino
220,g06047,Merced
221,g06051,Mono
222,g06053,Monterey
223,g06055,Napa
224,g06057,Nevada
225,g06059,Orange
226,g06061,Placer
227,g06063,Plumas
228,g06065,Riverside
229,g06067,Sacramento
230,g06069,San Benito
231,g06073,San Diego
232,g06077,San Joaquin
233,g06079,San Luis Obispo
234,g06081,San Mateo
235,g06085,Santa Clara
236,g06089,Shasta
237,g06093,Siskiyou
238,g06097,Sonoma
239,g06099,Stanislaus
240,g06103,Tehama
241,g06107,Tulare
242,g06109,Tuolumne
243,g06113,Yolo
244,g08053,Hinsdale
245,g08061,Kiowa
246,g08063,Kit Carson
247,g08071,Las Animas
248,g08073,Lincoln
249,g08075,Logan
250,g08079,Mineral
251,g08085,Montrose
252,g08087,Morgan
253,g08089,Otero
254,g08095,Phillips
255,g08099,Prowers
256,g08101,Pueblo
257,g08103,Rio Blanco
258,g08105,Rio Grande
259,g08001,Adams
260,g08003,Alamosa
261,g08005,Arapahoe
262,g08007,Archuleta
263,g08009,Baca
264,g08011,Bent
265,g08013,Boulder
266,g08015,Chaffee
267,g08019,Clear Creek
268,g08023,Costilla
269,g08027,Custer
270,g08029,Delta
271,g08031,Denver
272,g08035,Douglas
273,g08037,Eagle
274,g08049,Grand
275,g08051,Gunnison
276,g08055,Huerfano
277,g08057,Jackson
278,g08059,Jefferson
279,g08065,Lake
280,g08067,La Plata
281,g08069,Larimer
282,g08077,Mesa
283,g08081,Moffat
284,g08083,Montezuma
285,g08091,Ouray
286,g08093,Park
287,g08097,Pitkin
288,g08107,Routt
289,g08109,Saguache
290,g08111,San Juan
291,g08113,San Miguel
292,g08117,Summit
293,g08014,Broomfield
294,g08017,Cheyenne
295,g08021,Conejos
296,g08025,Crowley
297,g08033,Dolores
298,g08039,Elbert
299,g08041,El Paso
300,g08043,Fremont
301,g08045,Garfield
302,g08047,Gilpin
303,g08115,Sedgwick
304,g08119,Teller
305,g08121,Washington
306,g08123,Weld
307,g08125,Yuma
308,g09001,Fairfield
309,g09003,Hartford
310,g09005,Litchfield
311,g09007,Middlesex
312,g09009,New Haven
313,g09011,New London
314,g09013,Tolland
315,g09015,Windham
316,g10001,Kent
317,g10003,New Castle
318,g10005,Sussex
319,g11001,District of Columbia
320,g12013,Calhoun
321,g12015,Charlotte
322,g12019,Clay
323,g12021,Collier
324,g12027,DeSoto
325,g12035,Flagler
326,g12067,Lafayette
327,g12081,Manatee
328,g12085,Martin
329,g12087,Monroe
330,g12091,Okaloosa
331,g12099,Palm Beach
332,g12105,Polk
333,g12107,Putnam
334,g12109,St. Johns
335,g12111,St. Lucie
336,g12043,Glades
337,g12049,Hardee
338,g12051,Hendry
339,g12053,Hernando
340,g12059,Holmes
341,g12061,Indian River
342,g12001,Alachua
343,g12003,Baker
344,g12005,Bay
345,g12007,Bradford
346,g12009,Brevard
347,g12011,Broward
348,g12029,Dixie
349,g12031,Duval
350,g12033,Escambia
351,g12037,Franklin
352,g12039,Gadsden
353,g12041,Gilchrist
354,g12045,Gulf
355,g12047,Hamilton
356,g12055,Highlands
357,g12057,Hillsborough
358,g12063,Jackson
359,g12065,Jefferson
360,g12069,Lake
361,g12071,Lee
362,g12073,Leon
363,g12077,Liberty
364,g12079,Madison
365,g12083,Marion
366,g12086,Miami-Dade
367,g12089,Nassau
368,g12093,Okeechobee
369,g12095,Orange
370,g12097,Osceola
371,g12101,Pasco
372,g12103,Pinellas
373,g12113,Santa Rosa
374,g12117,Seminole
375,g12119,Sumter
376,g12121,Suwannee
377,g12123,Taylor
378,g12125,Union
379,g12129,Wakulla
380,g12133,Washington
381,g12115,Sarasota
382,g12131,Walton
383,g12017,Citrus
384,g12075,Levy
385,g12127,Volusia
386,g12023,Columbia
387,g13057,Cherokee
388,g13059,Clarke
389,g13061,Clay
390,g13063,Clayton
391,g13065,Clinch
392,g13001,Appling
393,g13007,Baker
394,g13009,Baldwin
395,g13013,Barrow
396,g13015,Bartow
397,g13019,Berrien
398,g13021,Bibb
399,g13025,Brantley
400,g13027,Brooks
401,g13029,Bryan
402,g13033,Burke
403,g13039,Camden
404,g13049,Charlton
405,g13051,Chatham
406,g13075,Cook
407,g13079,Crawford
408,g13081,Crisp
409,g13089,DeKalb
410,g13103,Effingham
411,g13105,Elbert
412,g13107,Emanuel
413,g13113,Fayette
414,g13121,Fulton
415,g13127,Glynn
416,g13131,Grady
417,g13135,Gwinnett
418,g13137,Habersham
419,g13141,Hancock
420,g13149,Heard
421,g13151,Henry
422,g13163,Jefferson
423,g13171,Lamar
424,g13179,Liberty
425,g13183,Long
426,g13185,Lowndes
427,g13189,McDuffie
428,g13191,McIntosh
429,g13195,Madison
430,g13201,Miller
431,g13213,Murray
432,g13217,Newton
433,g13219,Oconee
434,g13221,Oglethorpe
435,g13223,Paulding
436,g13229,Pierce
437,g13241,Rabun
438,g13245,Richmond
439,g13249,Schley
440,g13251,Screven
441,g13267,Tattnall
442,g13269,Taylor
443,g13271,Telfair
444,g13285,Troup
445,g13289,Twiggs
446,g13291,Union
447,g13301,Warren
448,g13303,Washington
449,g13305,Wayne
450,g13309,Wheeler
451,g13313,Whitfield
452,g13317,Wilkes
453,g13319,Wilkinson
454,g13003,Atkinson
455,g13005,Bacon
456,g13011,Banks
457,g13017,Ben Hill
458,g13023,Bleckley
459,g13031,Bulloch
460,g13035,Butts
461,g13037,Calhoun
462,g13043,Candler
463,g13045,Carroll
464,g13047,Catoosa
465,g13053,Chattahoochee
466,g13055,Chattooga
467,g13077,Coweta
468,g13083,Dade
469,g13085,Dawson
470,g13087,Decatur
471,g13091,Dodge
472,g13093,Dooly
473,g13095,Dougherty
474,g13097,Douglas
475,g13099,Early
476,g13101,Echols
477,g13109,Evans
478,g13111,Fannin
479,g13115,Floyd
480,g13117,Forsyth
481,g13119,Franklin
482,g13067,Cobb
483,g13069,Coffee
484,g13071,Colquitt
485,g13073,Columbia
486,g13139,Hall
487,g13143,Haralson
488,g13145,Harris
489,g13147,Hart
490,g13153,Houston
491,g13155,Irwin
492,g13157,Jackson
493,g13159,Jasper
494,g13161,Jeff Davis
495,g13165,Jenkins
496,g13167,Johnson
497,g13169,Jones
498,g13173,Lanier
499,g13175,Laurens
500,g13177,Lee
501,g13181,Lincoln
502,g13123,Gilmer
503,g13125,Glascock
504,g13129,Gordon
505,g13133,Greene
506,g13187,Lumpkin
507,g13193,Macon
508,g13197,Marion
509,g13199,Meriwether
510,g13205,Mitchell
511,g13225,Peach
512,g13227,Pickens
513,g13231,Pike
514,g13233,Polk
515,g13235,Pulaski
516,g13207,Monroe
517,g13209,Montgomery
518,g13211,Morgan
519,g13215,Muscogee
520,g13255,Spalding
521,g13257,Stephens
522,g13259,Stewart
523,g13261,Sumter
524,g13263,Talbot
525,g13265,Taliaferro
526,g13273,Terrell
527,g13275,Thomas
528,g13277,Tift
529,g13279,Toombs
530,g13281,Towns
531,g13283,Treutlen
532,g13287,Turner
533,g13237,Putnam
534,g13239,Quitman
535,g13243,Randolph
536,g13247,Rockdale
537,g13253,Seminole
538,g13311,White
539,g13315,Wilcox
540,g13321,Worth
541,g13293,Upson
542,g13295,Walker
543,g13297,Walton
544,g13299,Ware
545,g13307,Webster
546,g15001,Hawaii
547,g15003,Honolulu
548,g15005,Kalawao
549,g15007,Kauai
550,g15009,Maui
551,g16075,Payette
552,g16081,Teton
553,g16025,Camas
554,g16087,Washington
555,g16001,Ada
556,g16003,Adams
557,g16005,Bannock
558,g16007,Bear Lake
559,g16009,Benewah
560,g16011,Bingham
561,g16013,Blaine
562,g16015,Boise
563,g16021,Boundary
564,g16023,Butte
565,g16029,Caribou
566,g16035,Clearwater
567,g16037,Custer
568,g16039,Elmore
569,g16041,Franklin
570,g16043,Fremont
571,g16049,Idaho
572,g16059,Lemhi
573,g16061,Lewis
574,g16063,Lincoln
575,g16069,Nez Perce
576,g16073,Owyhee
577,g16077,Power
578,g16079,Shoshone
579,g16083,Twin Falls
580,g16085,Valley
581,g16017,Bonner
582,g16019,Bonneville
583,g16027,Canyon
584,g16031,Cassia
585,g16033,Clark
586,g16045,Gem
587,g16047,Gooding
588,g16051,Jefferson
589,g16053,Jerome
590,g16055,Kootenai
591,g16057,Latah
592,g16065,Madison
593,g16067,Minidoka
594,g16071,Oneida
595,g17051,Fayette
596,g17053,Ford
597,g17055,Franklin
598,g17057,Fulton
599,g17061,Greene
600,g17063,Grundy
601,g17003,Alexander
602,g17005,Bond
603,g17017,Cass
604,g17023,Clark
605,g17027,Clinton
606,g17031,Cook
607,g17043,DuPage
608,g17059,Gallatin
609,g17079,Jasper
610,g17097,Lake
611,g17101,Lawrence
612,g17123,Marshall
613,g17125,Mason
614,g17129,Menard
615,g17147,Piatt
616,g17153,Pulaski
617,g17161,Rock Island
618,g17165,Saline
619,g17181,Union
620,g17185,Wabash
621,g17189,Washington
622,g17197,Will
623,g17001,Adams
624,g17007,Boone
625,g17009,Brown
626,g17011,Bureau
627,g17013,Calhoun
628,g17015,Carroll
629,g17019,Champaign
630,g17021,Christian
631,g17025,Clay
632,g17029,Coles
633,g17033,Crawford
634,g17035,Cumberland
635,g17037,DeKalb
636,g17039,De Witt
637,g17041,Douglas
638,g17045,Edgar
639,g17047,Edwards
640,g17049,Effingham
641,g17103,Lee
642,g17105,Livingston
643,g17107,Logan
644,g17109,McDonough
645,g17111,McHenry
646,g17113,McLean
647,g17115,Macon
648,g17065,Hamilton
649,g17067,Hancock
650,g17069,Hardin
651,g17071,Henderson
652,g17073,Henry
653,g17075,Iroquois
654,g17077,Jackson
655,g17081,Jefferson
656,g17083,Jersey
657,g17085,Jo Daviess
658,g17087,Johnson
659,g17089,Kane
660,g17091,Kankakee
661,g17093,Kendall
662,g17095,Knox
663,g17099,LaSalle
664,g17163,St. Clair
665,g17167,Sangamon
666,g17169,Schuyler
667,g17171,Scott
668,g17173,Shelby
669,g17117,Macoupin
670,g17119,Madison
671,g17121,Marion
672,g17127,Massac
673,g17131,Mercer
674,g17133,Monroe
675,g17135,Montgomery
676,g17137,Morgan
677,g17139,Moultrie
678,g17141,Ogle
679,g17143,Peoria
680,g17145,Perry
681,g17149,Pike
682,g17151,Pope
683,g17155,Putnam
684,g17157,Randolph
685,g17159,Richland
686,g17175,Stark
687,g17177,Stephenson
688,g17179,Tazewell
689,g17183,Vermilion
690,g17187,Warren
691,g17191,Wayne
692,g17193,White
693,g17195,Whiteside
694,g17199,Williamson
695,g17201,Winnebago
696,g17203,Woodford
697,g18025,Crawford
698,g18029,Dearborn
699,g18031,Decatur
700,g18035,Delaware
701,g18037,Dubois
702,g18039,Elkhart
703,g18041,Fayette
704,g18043,Floyd
705,g18045,Fountain
706,g18047,Franklin
707,g18053,Grant
708,g18055,Greene
709,g18057,Hamilton
710,g18059,Hancock
711,g18063,Hendricks
712,g18065,Henry
713,g18069,Huntington
714,g18073,Jasper
715,g18075,Jay
716,g18077,Jefferson
717,g18079,Jennings
718,g18081,Johnson
719,g18085,Kosciusko
720,g18087,LaGrange
721,g18001,Adams
722,g18007,Benton
723,g18017,Cass
724,g18027,Daviess
725,g18033,DeKalb
726,g18049,Fulton
727,g18051,Gibson
728,g18061,Harrison
729,g18067,Howard
730,g18071,Jackson
731,g18083,Knox
732,g18093,Lawrence
733,g18107,Montgomery
734,g18123,Perry
735,g18125,Pike
736,g18131,Pulaski
737,g18145,Shelby
738,g18147,Spencer
739,g18161,Union
740,g18175,Washington
741,g18179,Wells
742,g18181,White
743,g18003,Allen
744,g18005,Bartholomew
745,g18009,Blackford
746,g18011,Boone
747,g18013,Brown
748,g18015,Carroll
749,g18019,Clark
750,g18021,Clay
751,g18023,Clinton
752,g18105,Monroe
753,g18109,Morgan
754,g18111,Newton
755,g18113,Noble
756,g18115,Ohio
757,g18117,Orange
758,g18119,Owen
759,g18121,Parke
760,g18127,Porter
761,g18149,Starke
762,g18151,Steuben
763,g18153,Sullivan
764,g18155,Switzerland
765,g18157,Tippecanoe
766,g18159,Tipton
767,g18163,Vanderburgh
768,g18129,Posey
769,g18133,Putnam
770,g18135,Randolph
771,g18137,Ripley
772,g18139,Rush
773,g18141,St. Joseph
774,g18143,Scott
775,g18089,Lake
776,g18091,LaPorte
777,g18095,Madison
778,g18097,Marion
779,g18099,Marshall
780,g18101,Martin
781,g18103,Miami
782,g18165,Vermillion
783,g18167,Vigo
784,g18169,Wabash
785,g18171,Warren
786,g18173,Warrick
787,g18177,Wayne
788,g18183,Whitley
789,g19185,Wayne
790,g19187,Webster
791,g19189,Winnebago
792,g19191,Winneshiek
793,g19193,Woodbury
794,g19195,Worth
795,g19197,Wright
796,g19003,Adams
797,g19005,Allamakee
798,g19007,Appanoose
799,g19039,Clarke
800,g19041,Clay
801,g19043,Clayton
802,g19047,Crawford
803,g19049,Dallas
804,g19051,Davis
805,g19053,Decatur
806,g19057,Des Moines
807,g19059,Dickinson
808,g19061,Dubuque
809,g19063,Emmet
810,g19065,Fayette
811,g19069,Franklin
812,g19071,Fremont
813,g19073,Greene
814,g19075,Grundy
815,g19011,Benton
816,g19013,Black Hawk
817,g19015,Boone
818,g19017,Bremer
819,g19019,Buchanan
820,g19023,Butler
821,g19025,Calhoun
822,g19027,Carroll
823,g19029,Cass
824,g19031,Cedar
825,g19035,Cherokee
826,g19037,Chickasaw
827,g19001,Adair
828,g19009,Audubon
829,g19021,Buena Vista
830,g19033,Cerro Gordo
831,g19045,Clinton
832,g19055,Delaware
833,g19067,Floyd
834,g19081,Hancock
835,g19099,Jasper
836,g19111,Lee
837,g19117,Lucas
838,g19131,Mitchell
839,g19141,O'Brien
840,g19157,Poweshiek
841,g19163,Scott
842,g19175,Union
843,g19121,Madison
844,g19123,Mahaska
845,g19125,Marion
846,g19127,Marshall
847,g19129,Mills
848,g19133,Monona
849,g19135,Monroe
850,g19137,Montgomery
851,g19139,Muscatine
852,g19143,Osceola
853,g19145,Page
854,g19147,Palo Alto
855,g19149,Plymouth
856,g19151,Pocahontas
857,g19153,Polk
858,g19155,Pottawattamie
859,g19077,Guthrie
860,g19079,Hamilton
861,g19083,Hardin
862,g19085,Harrison
863,g19087,Henry
864,g19089,Howard
865,g19091,Humboldt
866,g19093,Ida
867,g19095,Iowa
868,g19097,Jackson
869,g19101,Jefferson
870,g19103,Johnson
871,g19105,Jones
872,g19107,Keokuk
873,g19109,Kossuth
874,g19113,Linn
875,g19115,Louisa
876,g19119,Lyon
877,g19159,Ringgold
878,g19161,Sac
879,g19165,Shelby
880,g19167,Sioux
881,g19169,Story
882,g19171,Tama
883,g19173,Taylor
884,g19177,Van Buren
885,g19179,Wapello
886,g19181,Warren
887,g19183,Washington
888,g20021,Cherokee
889,g20023,Cheyenne
890,g20025,Clark
891,g20027,Clay
892,g20029,Cloud
893,g20031,Coffey
894,g20035,Cowley
895,g20037,Crawford
896,g20039,Decatur
897,g20041,Dickinson
898,g20043,Doniphan
899,g20045,Douglas
900,g20049,Elk
901,g20051,Ellis
902,g20053,Ellsworth
903,g20057,Ford
904,g20059,Franklin
905,g20061,Geary
906,g20063,Gove
907,g20065,Graham
908,g20069,Gray
909,g20071,Greeley
910,g20073,Greenwood
911,g20075,Hamilton
912,g20077,Harper
913,g20079,Harvey
914,g20083,Hodgeman
915,g20085,Jackson
916,g20001,Allen
917,g20003,Anderson
918,g20017,Chase
919,g20033,Comanche
920,g20047,Edwards
921,g20055,Finney
922,g20067,Grant
923,g20081,Haskell
924,g20093,Kearny
925,g20097,Kiowa
926,g20113,McPherson
927,g20129,Morton
928,g20143,Ottawa
929,g20149,Pottawatomie
930,g20161,Riley
931,g20165,Rush
932,g20171,Scott
933,g20185,Stafford
934,g20187,Stanton
935,g20189,Stevens
936,g20193,Thomas
937,g20203,Wichita
938,g20005,Atchison
939,g20007,Barber
940,g20009,Barton
941,g20011,Bourbon
942,g20013,Brown
943,g20015,Butler
944,g20019,Chautauqua
945,g20087,Jefferson
946,g20089,Jewell
947,g20091,Johnson
948,g20095,Kingman
949,g20099,Labette
950,g20101,Lane
951,g20103,Leavenworth
952,g20105,Lincoln
953,g20157,Republic
954,g20159,Rice
955,g20163,Rooks
956,g20167,Russell
957,g20169,Saline
958,g20173,Sedgwick
959,g20175,Seward
960,g20177,Shawnee
961,g20179,Sheridan
962,g20107,Linn
963,g20109,Logan
964,g20111,Lyon
965,g20115,Marion
966,g20117,Marshall
967,g20119,Meade
968,g20121,Miami
969,g20123,Mitchell
970,g20125,Montgomery
971,g20127,Morris
972,g20131,Nemaha
973,g20133,Neosho
974,g20135,Ness
975,g20137,Norton
976,g20139,Osage
977,g20141,Osborne
978,g20145,Pawnee
979,g20147,Phillips
980,g20151,Pratt
981,g20153,Rawlins
982,g20155,Reno
983,g20181,Sherman
984,g20183,Smith
985,g20191,Sumner
986,g20195,Trego
987,g20197,Wabaunsee
988,g20199,Wallace
989,g20201,Washington
990,g20205,Wilson
991,g20207,Woodson
992,g20209,Wyandotte
993,g21183,Ohio
994,g21185,Oldham
995,g21187,Owen
996,g21189,Owsley
997,g21191,Pendleton
998,g21193,Perry
999,g21195,Pike
1000,g21197,Powell
1001,g21199,Pulaski
1002,g21201,Robertson
1003,g21203,Rockcastle
1004,g21205,Rowan
1005,g21209,Scott
1006,g21213,Simpson
1007,g21217,Taylor
1008,g21229,Washington
1009,g21235,Whitley
1010,g21237,Wolfe
1011,g21239,Woodford
1012,g21207,Russell
1013,g21211,Shelby
1014,g21215,Spencer
1015,g21219,Todd
1016,g21221,Trigg
1017,g21223,Trimble
1018,g21225,Union
1019,g21227,Warren
1020,g21231,Wayne
1021,g21233,Webster
1022,g21007,Ballard
1023,g21009,Barren
1024,g21015,Boone
1025,g21019,Boyd
1026,g21021,Boyle
1027,g21023,Bracken
1028,g21001,Adair
1029,g21003,Allen
1030,g21005,Anderson
1031,g21013,Bell
1032,g21017,Bourbon
1033,g21025,Breathitt
1034,g21027,Breckinridge
1035,g21029,Bullitt
1036,g21031,Butler
1037,g21033,Caldwell
1038,g21043,Carter
1039,g21049,Clark
1040,g21051,Clay
1041,g21055,Crittenden
1042,g21059,Daviess
1043,g21061,Edmonson
1044,g21067,Fayette
1045,g21071,Floyd
1046,g21079,Garrard
1047,g21085,Grayson
1048,g21089,Greenup
1049,g21093,Hardin
1050,g21095,Harlan
1051,g21097,Harrison
1052,g21101,Henderson
1053,g21107,Hopkins
1054,g21109,Jackson
1055,g21115,Johnson
1056,g21119,Knott
1057,g21121,Knox
1058,g21123,Larue
1059,g21125,Laurel
1060,g21131,Leslie
1061,g21133,Letcher
1062,g21135,Lewis
1063,g21139,Livingston
1064,g21151,Madison
1065,g21153,Magoffin
1066,g21155,Marion
1067,g21165,Menifee
1068,g21167,Mercer
1069,g21169,Metcalfe
1070,g21175,Morgan
1071,g21177,Muhlenberg
1072,g21179,Nelson
1073,g21035,Calloway
1074,g21037,Campbell
1075,g21039,Carlisle
1076,g21041,Carroll
1077,g21045,Casey
1078,g21047,Christian
1079,g21087,Green
1080,g21091,Hancock
1081,g21099,Hart
1082,g21103,Henry
1083,g21105,Hickman
1084,g21111,Jefferson
1085,g21113,Jessamine
1086,g21117,Kenton
1087,g21053,Clinton
1088,g21057,Cumberland
1089,g21063,Elliott
1090,g21069,Fleming
1091,g21073,Franklin
1092,g21075,Fulton
1093,g21077,Gallatin
1094,g21081,Grant
1095,g21083,Graves
1096,g21129,Lee
1097,g21137,Lincoln
1098,g21141,Logan
1099,g21143,Lyon
1100,g21145,McCracken
1101,g21147,McCreary
1102,g21149,McLean
1103,g21159,Martin
1104,g21011,Bath
1105,g21157,Marshall
1106,g21161,Mason
1107,g21163,Meade
1108,g21171,Monroe
1109,g21173,Montgomery
1110,g21181,Nicholas
1111,g21065,Estill
1112,g21127,Lawrence
1113,g22047,Iberville
1114,g22049,Jackson
1115,g22059,La Salle
1116,g22061,Lincoln
1117,g22069,Natchitoches
1118,g22073,Ouachita
1119,g22079,Rapides
1120,g22083,Richland
1121,g22087,St. Bernard
1122,g22089,St. Charles
1123,g22093,St. James
1124,g22095,St. John the Baptist
1125,g22101,St. Mary
1126,g22115,Vernon
1127,g22121,West Baton Rouge
1128,g22125,West Feliciana
1129,g22021,Caldwell
1130,g22075,Plaquemines
1131,g22119,Webster
1132,g22001,Acadia
1133,g22003,Allen
1134,g22005,Ascension
1135,g22007,Assumption
1136,g22009,Avoyelles
1137,g22013,Bienville
1138,g22015,Bossier
1139,g22017,Caddo
1140,g22025,Catahoula
1141,g22029,Concordia
1142,g22031,De Soto
1143,g22033,East Baton Rouge
1144,g22035,East Carroll
1145,g22037,East Feliciana
1146,g22039,Evangeline
1147,g22041,Franklin
1148,g22045,Iberia
1149,g22051,Jefferson
1150,g22053,Jefferson Davis
1151,g22055,Lafayette
1152,g22057,Lafourche
1153,g22063,Livingston
1154,g22065,Madison
1155,g22067,Morehouse
1156,g22071,Orleans
1157,g22077,Pointe Coupee
1158,g22081,Red River
1159,g22085,Sabine
1160,g22091,St. Helena
1161,g22097,St. Landry
1162,g22099,St. Martin
1163,g22103,St. Tammany
1164,g22105,Tangipahoa
1165,g22107,Tensas
1166,g22109,Terrebonne
1167,g22111,Union
1168,g22113,Vermilion
1169,g22117,Washington
1170,g22123,West Carroll
1171,g22127,Winn
1172,g22011,Beauregard
1173,g22019,Calcasieu
1174,g22023,Cameron
1175,g22027,Claiborne
1176,g22043,Grant
1177,g23001,Androscoggin
1178,g23003,Aroostook
1179,g23005,Cumberland
1180,g23007,Franklin
1181,g23009,Hancock
1182,g23011,Kennebec
1183,g23013,Knox
1184,g23015,Lincoln
1185,g23017,Oxford
1186,g23019,Penobscot
1187,g23021,Piscataquis
1188,g23023,Sagadahoc
1189,g23025,Somerset
1190,g23027,Waldo
1191,g23029,Washington
1192,g23031,York
1193,g24001,Allegany
1194,g24003,Anne Arundel
1195,g24005,Baltimore
1196,g24009,Calvert
1197,g24011,Caroline
1198,g24013,Carroll
1199,g24015,Cecil
1200,g24017,Charles
1201,g24019,Dorchester
1202,g24021,Frederick
1203,g24023,Garrett
1204,g24025,Harford
1205,g24027,Howard
1206,g24029,Kent
1207,g24031,Montgomery
1208,g24033,Prince George's
1209,g24035,Queen Anne's
1210,g24037,St. Mary's
1211,g24039,Somerset
1212,g24041,Talbot
1213,g24043,Washington
1214,g24045,Wicomico
1215,g24047,Worcester
1216,g24510,Baltimore
1217,g25001,Barnstable
1218,g25003,Berkshire
1219,g25005,Bristol
1220,g25007,Dukes
1221,g25009,Essex
1222,g25011,Franklin
1223,g25013,Hampden
1224,g25015,Hampshire
1225,g25017,Middlesex
1226,g25019,Nantucket
1227,g25021,Norfolk
1228,g25023,Plymouth
1229,g25025,Suffolk
1230,g25027,Worcester
1231,g26067,Ionia
1232,g26069,Iosco
1233,g26071,Iron
1234,g26075,Jackson
1235,g26077,Kalamazoo
1236,g26079,Kalkaska
1237,g26001,Alcona
1238,g26003,Alger
1239,g26007,Alpena
1240,g26013,Baraga
1241,g26017,Bay
1242,g26029,Charlevoix
1243,g26033,Chippewa
1244,g26039,Crawford
1245,g26041,Delta
1246,g26047,Emmet
1247,g26055,Grand Traverse
1248,g26061,Houghton
1249,g26063,Huron
1250,g26073,Isabella
1251,g26083,Keweenaw
1252,g26089,Leelanau
1253,g26097,Mackinac
1254,g26099,Macomb
1255,g26103,Marquette
1256,g26107,Mecosta
1257,g26109,Menominee
1258,g26115,Monroe
1259,g26129,Ogemaw
1260,g26135,Oscoda
1261,g26141,Presque Isle
1262,g26147,St. Clair
1263,g26163,Wayne
1264,g26165,Wexford
1265,g26005,Allegan
1266,g26009,Antrim
1267,g26011,Arenac
1268,g26015,Barry
1269,g26019,Benzie
1270,g26021,Berrien
1271,g26023,Branch
1272,g26025,Calhoun
1273,g26027,Cass
1274,g26031,Cheboygan
1275,g26035,Clare
1276,g26037,Clinton
1277,g26043,Dickinson
1278,g26045,Eaton
1279,g26049,Genesee
1280,g26051,Gladwin
1281,g26057,Gratiot
1282,g26059,Hillsdale
1283,g26065,Ingham
1284,g26139,Ottawa
1285,g26143,Roscommon
1286,g26145,Saginaw
1287,g26149,St. Joseph
1288,g26151,Sanilac
1289,g26153,Schoolcraft
1290,g26081,Kent
1291,g26085,Lake
1292,g26087,Lapeer
1293,g26091,Lenawee
1294,g26093,Livingston
1295,g26095,Luce
1296,g26101,Manistee
1297,g26105,Mason
1298,g26111,Midland
1299,g26113,Missaukee
1300,g26117,Montcalm
1301,g26119,Montmorency
1302,g26121,Muskegon
1303,g26123,Newaygo
1304,g26125,Oakland
1305,g26127,Oceana
1306,g26131,Ontonagon
1307,g26133,Osceola
1308,g26137,Otsego
1309,g26155,Shiawassee
1310,g26157,Tuscola
1311,g26159,Van Buren
1312,g26161,Washtenaw
1313,g26053,Gogebic
1314,g27055,Houston
1315,g27057,Hubbard
1316,g27059,Isanti
1317,g27063,Jackson
1318,g27065,Kanabec
1319,g27067,Kandiyohi
1320,g27071,Koochiching
1321,g27001,Aitkin
1322,g27013,Blue Earth
1323,g27015,Brown
1324,g27021,Cass
1325,g27023,Chippewa
1326,g27027,Clay
1327,g27031,Cook
1328,g27033,Cottonwood
1329,g27051,Grant
1330,g27053,Hennepin
1331,g27061,Itasca
1332,g27069,Kittson
1333,g27073,Lac qui Parle
1334,g27075,Lake
1335,g27077,Lake of the Woods
1336,g27083,Lyon
1337,g27089,Marshall
1338,g27097,Morrison
1339,g27103,Nicollet
1340,g27107,Norman
1341,g27113,Pennington
1342,g27119,Polk
1343,g27125,Red Lake
1344,g27127,Redwood
1345,g27129,Renville
1346,g27137,St. Louis
1347,g27139,Scott
1348,g27145,Stearns
1349,g27163,Washington
1350,g27167,Wilkin
1351,g27171,Wright
1352,g27173,Yellow Medicine
1353,g27003,Anoka
1354,g27005,Becker
1355,g27007,Beltrami
1356,g27009,Benton
1357,g27011,Big Stone
1358,g27017,Carlton
1359,g27019,Carver
1360,g27025,Chisago
1361,g27029,Clearwater
1362,g27035,Crow Wing
1363,g27037,Dakota
1364,g27039,Dodge
1365,g27041,Douglas
1366,g27043,Faribault
1367,g27045,Fillmore
1368,g27047,Freeborn
1369,g27049,Goodhue
1370,g27147,Steele
1371,g27149,Stevens
1372,g27151,Swift
1373,g27153,Todd
1374,g27155,Traverse
1375,g27157,Wabasha
1376,g27159,Wadena
1377,g27165,Watonwan
1378,g27079,Le Sueur
1379,g27081,Lincoln
1380,g27085,McLeod
1381,g27087,Mahnomen
1382,g27091,Martin
1383,g27093,Meeker
1384,g27095,Mille Lacs
1385,g27099,Mower
1386,g27101,Murray
1387,g27105,Nobles
1388,g27109,Olmsted
1389,g27111,Otter Tail
1390,g27115,Pine
1391,g27117,Pipestone
1392,g27121,Pope
1393,g27123,Ramsey
1394,g27131,Rice
1395,g27133,Rock
1396,g27135,Roseau
1397,g27141,Sherburne
1398,g27143,Sibley
1399,g27169,Winona
1400,g27161,Waseca
1401,g28027,Coahoma
1402,g28029,Copiah
1403,g28031,Covington
1404,g28035,Forrest
1405,g28037,Franklin
1406,g28041,Greene
1407,g28043,Grenada
1408,g28045,Hancock
1409,g28047,Harrison
1410,g28057,Itawamba
1411,g28059,Jackson
1412,g28061,Jasper
1413,g28063,Jefferson
1414,g28065,Jefferson Davis
1415,g28069,Kemper
1416,g28071,Lafayette
1417,g28073,Lamar
1418,g28075,Lauderdale
1419,g28077,Lawrence
1420,g28001,Adams
1421,g28003,Alcorn
1422,g28007,Attala
1423,g28009,Benton
1424,g28011,Bolivar
1425,g28017,Chickasaw
1426,g28021,Claiborne
1427,g28033,DeSoto
1428,g28039,George
1429,g28049,Hinds
1430,g28051,Holmes
1431,g28053,Humphreys
1432,g28055,Issaquena
1433,g28067,Jones
1434,g28083,Leflore
1435,g28087,Lowndes
1436,g28089,Madison
1437,g28099,Neshoba
1438,g28109,Pearl River
1439,g28121,Rankin
1440,g28137,Tate
1441,g28143,Tunica
1442,g28149,Warren
1443,g28151,Washington
1444,g28157,Wilkinson
1445,g28159,Winston
1446,g28163,Yazoo
1447,g28005,Amite
1448,g28013,Calhoun
1449,g28015,Carroll
1450,g28019,Choctaw
1451,g28023,Clarke
1452,g28025,Clay
1453,g28097,Montgomery
1454,g28101,Newton
1455,g28103,Noxubee
1456,g28105,Oktibbeha
1457,g28107,Panola
1458,g28111,Perry
1459,g28113,Pike
1460,g28115,Pontotoc
1461,g28117,Prentiss
1462,g28119,Quitman
1463,g28123,Scott
1464,g28145,Union
1465,g28147,Walthall
1466,g28153,Wayne
1467,g28155,Webster
1468,g28161,Yalobusha
1469,g28129,Smith
1470,g28125,Sharkey
1471,g28127,Simpson
1472,g28131,Stone
1473,g28133,Sunflower
1474,g28135,Tallahatchie
1475,g28139,Tippah
1476,g28141,Tishomingo
1477,g28079,Leake
1478,g28081,Lee
1479,g28085,Lincoln
1480,g28091,Marion
1481,g28093,Marshall
1482,g28095,Monroe
1483,g29053,Cooper
1484,g29055,Crawford
1485,g29059,Dallas
1486,g29061,Daviess
1487,g29063,DeKalb
1488,g29065,Dent
1489,g29067,Douglas
1490,g29071,Franklin
1491,g29001,Adair
1492,g29013,Bates
1493,g29017,Bollinger
1494,g29023,Butler
1495,g29027,Callaway
1496,g29029,Camden
1497,g29031,Cape Girardeau
1498,g29033,Carroll
1499,g29041,Chariton
1500,g29057,Dade
1501,g29069,Dunklin
1502,g29075,Gentry
1503,g29087,Holt
1504,g29095,Jackson
1505,g29099,Jefferson
1506,g29103,Knox
1507,g29115,Linn
1508,g29137,Monroe
1509,g29143,New Madrid
1510,g29157,Perry
1511,g29167,Polk
1512,g29171,Putnam
1513,g29183,St. Charles
1514,g29185,St. Clair
1515,g29189,St. Louis
1516,g29195,Saline
1517,g29199,Scotland
1518,g29207,Stoddard
1519,g29225,Webster
1520,g29003,Andrew
1521,g29005,Atchison
1522,g29007,Audrain
1523,g29009,Barry
1524,g29011,Barton
1525,g29015,Benton
1526,g29019,Boone
1527,g29021,Buchanan
1528,g29025,Caldwell
1529,g29035,Carter
1530,g29037,Cass
1531,g29039,Cedar
1532,g29043,Christian
1533,g29045,Clark
1534,g29047,Clay
1535,g29049,Clinton
1536,g29051,Cole
1537,g29127,Marion
1538,g29129,Mercer
1539,g29131,Miller
1540,g29133,Mississippi
1541,g29135,Moniteau
1542,g29139,Montgomery
1543,g29073,Gasconade
1544,g29077,Greene
1545,g29079,Grundy
1546,g29081,Harrison
1547,g29083,Henry
1548,g29085,Hickory
1549,g29089,Howard
1550,g29091,Howell
1551,g29093,Iron
1552,g29097,Jasper
1553,g29101,Johnson
1554,g29105,Laclede
1555,g29107,Lafayette
1556,g29109,Lawrence
1557,g29111,Lewis
1558,g29113,Lincoln
1559,g29117,Livingston
1560,g29119,McDonald
1561,g29121,Macon
1562,g29123,Madison
1563,g29125,Maries
1564,g29197,Schuyler
1565,g29201,Scott
1566,g29203,Shannon
1567,g29205,Shelby
1568,g29209,Stone
1569,g29211,Sullivan
1570,g29213,Taney
1571,g29215,Texas
1572,g29141,Morgan
1573,g29145,Newton
1574,g29147,Nodaway
1575,g29149,Oregon
1576,g29151,Osage
1577,g29153,Ozark
1578,g29155,Pemiscot
1579,g29159,Pettis
1580,g29161,Phelps
1581,g29163,Pike
1582,g29165,Platte
1583,g29169,Pulaski
1584,g29173,Ralls
1585,g29175,Randolph
1586,g29177,Ray
1587,g29179,Reynolds
1588,g29181,Ripley
1589,g29186,Ste. Genevieve
1590,g29187,St. Francois
1591,g29510,St. Louis
1592,g29217,Vernon
1593,g29219,Warren
1594,g29221,Washington
1595,g29223,Wayne
1596,g29227,Worth
1597,g29229,Wright
1598,g30001,Beaverhead
1599,g30003,Big Horn
1600,g30005,Blaine
1601,g30007,Broadwater
1602,g30009,Carbon
1603,g30011,Carter
1604,g30013,Cascade
1605,g30015,Chouteau
1606,g30017,Custer
1607,g30019,Daniels
1608,g30021,Dawson
1609,g30023,Deer Lodge
1610,g30027,Fergus
1611,g30029,Flathead
1612,g30031,Gallatin
1613,g30033,Garfield
1614,g30035,Glacier
1615,g30039,Granite
1616,g30043,Jefferson
1617,g30045,Judith Basin
1618,g30047,Lake
1619,g30049,Lewis and Clark
1620,g30053,Lincoln
1621,g30055,McCone
1622,g30057,Madison
1623,g30059,Meagher
1624,g30061,Mineral
1625,g30069,Petroleum
1626,g30071,Phillips
1627,g30073,Pondera
1628,g30077,Powell
1629,g30081,Ravalli
1630,g30083,Richland
1631,g30085,Roosevelt
1632,g30089,Sanders
1633,g30093,Silver Bow
1634,g30099,Teton
1635,g30105,Valley
1636,g30091,Sheridan
1637,g30095,Stillwater
1638,g30097,Sweet Grass
1639,g30101,Toole
1640,g30103,Treasure
1641,g30107,Wheatland
1642,g30109,Wibaux
1643,g30111,Yellowstone
1644,g30025,Fallon
1645,g30037,Golden Valley
1646,g30041,Hill
1647,g30051,Liberty
1648,g30063,Missoula
1649,g30065,Musselshell
1650,g30067,Park
1651,g30075,Powder River
1652,g30079,Prairie
1653,g30087,Rosebud
1654,g31051,Dixon
1655,g31053,Dodge
1656,g31055,Douglas
1657,g31057,Dundy
1658,g31059,Fillmore
1659,g31063,Frontier
1660,g31065,Furnas
1661,g31001,Adams
1662,g31029,Chase
1663,g31033,Cheyenne
1664,g31049,Deuel
1665,g31061,Franklin
1666,g31075,Grant
1667,g31091,Hooker
1668,g31101,Keith
1669,g31113,Logan
1670,g31125,Nance
1671,g31151,Saline
1672,g31163,Sherman
1673,g31171,Thomas
1674,g31003,Antelope
1675,g31005,Arthur
1676,g31007,Banner
1677,g31009,Blaine
1678,g31011,Boone
1679,g31013,Box Butte
1680,g31015,Boyd
1681,g31017,Brown
1682,g31019,Buffalo
1683,g31021,Burt
1684,g31023,Butler
1685,g31025,Cass
1686,g31027,Cedar
1687,g31031,Cherry
1688,g31035,Clay
1689,g31037,Colfax
1690,g31039,Cuming
1691,g31041,Custer
1692,g31043,Dakota
1693,g31045,Dawes
1694,g31047,Dawson
1695,g31103,Keya Paha
1696,g31105,Kimball
1697,g31107,Knox
1698,g31109,Lancaster
1699,g31111,Lincoln
1700,g31115,Loup
1701,g31117,McPherson
1702,g31119,Madison
1703,g31121,Merrick
1704,g31123,Morrill
1705,g31127,Nemaha
1706,g31129,Nuckolls
1707,g31131,Otoe
1708,g31133,Pawnee
1709,g31067,Gage
1710,g31069,Garden
1711,g31071,Garfield
1712,g31073,Gosper
1713,g31077,Greeley
1714,g31079,Hall
1715,g31081,Hamilton
1716,g31083,Harlan
1717,g31085,Hayes
1718,g31087,Hitchcock
1719,g31089,Holt
1720,g31093,Howard
1721,g31095,Jefferson
1722,g31097,Johnson
1723,g31099,Kearney
1724,g31165,Sioux
1725,g31167,Stanton
1726,g31169,Thayer
1727,g31173,Thurston
1728,g31175,Valley
1729,g31177,Washington
1730,g31179,Wayne
1731,g31181,Webster
1732,g31183,Wheeler
1733,g31185,York
1734,g31135,Perkins
1735,g31137,Phelps
1736,g31139,Pierce
1737,g31141,Platte
1738,g31143,Polk
1739,g31145,Red Willow
1740,g31147,Richardson
1741,g31149,Rock
1742,g31153,Sarpy
1743,g31155,Saunders
1744,g31157,Scotts Bluff
1745,g31159,Seward
1746,g31161,Sheridan
1747,g32001,Churchill
1748,g32003,Clark
1749,g32005,Douglas
1750,g32007,Elko
1751,g32009,Esmeralda
1752,g32011,Eureka
1753,g32013,Humboldt
1754,g32015,Lander
1755,g32017,Lincoln
1756,g32019,Lyon
1757,g32031,Washoe
1758,g32033,White Pine
1759,g32021,Mineral
1760,g32023,Nye
1761,g32027,Pershing
1762,g32029,Storey
1763,g32510,Carson City
1764,g33001,Belknap
1765,g33003,Carroll
1766,g33005,Cheshire
1767,g33007,Coos
1768,g33009,Grafton
1769,g33011,Hillsborough
1770,g33013,Merrimack
1771,g33019,Sullivan
1772,g33017,Strafford
1773,g33015,Rockingham
1774,g34001,Atlantic
1775,g34003,Bergen
1776,g34005,Burlington
1777,g34007,Camden
1778,g34009,Cape May
1779,g34011,Cumberland
1780,g34013,Essex
1781,g34015,Gloucester
1782,g34017,Hudson
1783,g34019,Hunterdon
1784,g34021,Mercer
1785,g34023,Middlesex
1786,g34025,Monmouth
1787,g34027,Morris
1788,g34029,Ocean
1789,g34031,Passaic
1790,g34033,Salem
1791,g34035,Somerset
1792,g34037,Sussex
1793,g34039,Union
1794,g34041,Warren
1795,g35013,Doña Ana
1796,g35019,Guadalupe
1797,g35023,Hidalgo
1798,g35025,Lea
1799,g35027,Lincoln
1800,g35028,Los Alamos
1801,g35031,McKinley
1802,g35035,Otero
1803,g35037,Quay
1804,g35041,Roosevelt
1805,g35047,San Miguel
1806,g35049,Santa Fe
1807,g35053,Socorro
1808,g35057,Torrance
1809,g35059,Union
1810,g35061,Valencia
1811,g35001,Bernalillo
1812,g35003,Catron
1813,g35005,Chaves
1814,g35006,Cibola
1815,g35007,Colfax
1816,g35009,Curry
1817,g35011,De Baca
1818,g35015,Eddy
1819,g35017,Grant
1820,g35021,Harding
1821,g35029,Luna
1822,g35033,Mora
1823,g35039,Rio Arriba
1824,g35043,Sandoval
1825,g35045,San Juan
1826,g35051,Sierra
1827,g35055,Taos
1828,g36001,Albany
1829,g36003,Allegany
1830,g36005,Bronx
1831,g36009,Cattaraugus
1832,g36011,Cayuga
1833,g36013,Chautauqua
1834,g36017,Chenango
1835,g36025,Delaware
1836,g36031,Essex
1837,g36041,Hamilton
1838,g36045,Jefferson
1839,g36051,Livingston
1840,g36053,Madison
1841,g36059,Nassau
1842,g36063,Niagara
1843,g36065,Oneida
1844,g36067,Onondaga
1845,g36071,Orange
1846,g36075,Oswego
1847,g36077,Otsego
1848,g36081,Queens
1849,g36091,Saratoga
1850,g36103,Suffolk
1851,g36105,Sullivan
1852,g36113,Warren
1853,g36115,Washington
1854,g36119,Westchester
1855,g36123,Yates
1856,g36069,Ontario
1857,g36073,Orleans
1858,g36079,Putnam
1859,g36083,Rensselaer
1860,g36007,Broome
1861,g36015,Chemung
1862,g36019,Clinton
1863,g36021,Columbia
1864,g36023,Cortland
1865,g36027,Dutchess
1866,g36033,Franklin
1867,g36035,Fulton
1868,g36037,Genesee
1869,g36039,Greene
1870,g36043,Herkimer
1871,g36047,Kings
1872,g36049,Lewis
1873,g36055,Monroe
1874,g36057,Montgomery
1875,g36061,New York
1876,g36085,Richmond
1877,g36087,Rockland
1878,g36089,St. Lawrence
1879,g36093,Schenectady
1880,g36095,Schoharie
1881,g36097,Schuyler
1882,g36099,Seneca
1883,g36101,Steuben
1884,g36107,Tioga
1885,g36109,Tompkins
1886,g36117,Wayne
1887,g36121,Wyoming
1888,g36029,Erie
1889,g36111,Ulster
1890,g37041,Chowan
1891,g37043,Clay
1892,g37045,Cleveland
1893,g37059,Davie
1894,g37063,Durham
1895,g37067,Forsyth
1896,g37069,Franklin
1897,g37071,Gaston
1898,g37001,Alamance
1899,g37009,Ashe
1900,g37013,Beaufort
1901,g37015,Bertie
1902,g37017,Bladen
1903,g37019,Brunswick
1904,g37021,Buncombe
1905,g37031,Carteret
1906,g37039,Cherokee
1907,g37047,Columbus
1908,g37049,Craven
1909,g37051,Cumberland
1910,g37053,Currituck
1911,g37055,Dare
1912,g37057,Davidson
1913,g37061,Duplin
1914,g37065,Edgecombe
1915,g37075,Graham
1916,g37083,Halifax
1917,g37085,Harnett
1918,g37087,Haywood
1919,g37089,Henderson
1920,g37093,Hoke
1921,g37095,Hyde
1922,g37099,Jackson
1923,g37101,Johnston
1924,g37103,Jones
1925,g37111,McDowell
1926,g37113,Macon
1927,g37115,Madison
1928,g37117,Martin
1929,g37119,Mecklenburg
1930,g37121,Mitchell
1931,g37125,Moore
1932,g37127,Nash
1933,g37129,New Hanover
1934,g37131,Northampton
1935,g37133,Onslow
1936,g37141,Pender
1937,g37145,Person
1938,g37147,Pitt
1939,g37153,Richmond
1940,g37155,Robeson
1941,g37161,Rutherford
1942,g37167,Stanly
1943,g37173,Swain
1944,g37175,Transylvania
1945,g37181,Vance
1946,g37193,Wilkes
1947,g37199,Yancey
1948,g37003,Alexander
1949,g37005,Alleghany
1950,g37007,Anson
1951,g37011,Avery
1952,g37023,Burke
1953,g37025,Cabarrus
1954,g37027,Caldwell
1955,g37033,Caswell
1956,g37035,Catawba
1957,g37037,Chatham
1958,g37143,Perquimans
1959,g37149,Polk
1960,g37151,Randolph
1961,g37157,Rockingham
1962,g37159,Rowan
1963,g37073,Gates
1964,g37077,Granville
1965,g37079,Greene
1966,g37081,Guilford
1967,g37091,Hertford
1968,g37097,Iredell
1969,g37105,Lee
1970,g37107,Lenoir
1971,g37109,Lincoln
1972,g37123,Montgomery
1973,g37135,Orange
1974,g37137,Pamlico
1975,g37139,Pasquotank
1976,g37165,Scotland
1977,g37169,Stokes
1978,g37171,Surry
1979,g37177,Tyrrell
1980,g37179,Union
1981,g37183,Wake
1982,g37185,Warren
1983,g37187,Washington
1984,g37189,Watauga
1985,g37191,Wayne
1986,g37195,Wilson
1987,g37197,Yadkin
1988,g37163,Sampson
1989,g37029,Camden
1990,g38073,Ransom
1991,g38075,Renville
1992,g38079,Rolette
1993,g38081,Sargent
1994,g38083,Sheridan
1995,g38087,Slope
1996,g38089,Stark
1997,g38093,Stutsman
1998,g38095,Towner
1999,g38001,Adams
2000,g38003,Barnes
2001,g38005,Benson
2002,g38007,Billings
2003,g38009,Bottineau
2004,g38011,Bowman
2005,g38017,Cass
2006,g38027,Eddy
2007,g38035,Grand Forks
2008,g38037,Grant
2009,g38051,McIntosh
2010,g38053,McKenzie
2011,g38059,Morton
2012,g38067,Pembina
2013,g38071,Ramsey
2014,g38077,Richland
2015,g38085,Sioux
2016,g38091,Steele
2017,g38097,Traill
2018,g38099,Walsh
2019,g38105,Williams
2020,g38013,Burke
2021,g38015,Burleigh
2022,g38019,Cavalier
2023,g38021,Dickey
2024,g38023,Divide
2025,g38025,Dunn
2026,g38029,Emmons
2027,g38031,Foster
2028,g38033,Golden Valley
2029,g38039,Griggs
2030,g38041,Hettinger
2031,g38043,Kidder
2032,g38045,LaMoure
2033,g38047,Logan
2034,g38049,McHenry
2035,g38057,Mercer
2036,g38061,Mountrail
2037,g38063,Nelson
2038,g38065,Oliver
2039,g38069,Pierce
2040,g38101,Ward
2041,g38103,Wells
2042,g38055,McLean
2043,g39029,Columbiana
2044,g39031,Coshocton
2045,g39033,Crawford
2046,g39037,Darke
2047,g39041,Delaware
2048,g39043,Erie
2049,g39045,Fairfield
2050,g39047,Fayette
2051,g39051,Fulton
2052,g39053,Gallia
2053,g39055,Geauga
2054,g39057,Greene
2055,g39063,Hancock
2056,g39065,Hardin
2057,g39003,Allen
2058,g39019,Carroll
2059,g39035,Cuyahoga
2060,g39039,Defiance
2061,g39049,Franklin
2062,g39059,Guernsey
2063,g39061,Hamilton
2064,g39079,Jackson
2065,g39093,Lorain
2066,g39095,Lucas
2067,g39101,Marion
2068,g39137,Putnam
2069,g39159,Union
2070,g39175,Wyandot
2071,g39001,Adams
2072,g39005,Ashland
2073,g39007,Ashtabula
2074,g39009,Athens
2075,g39011,Auglaize
2076,g39013,Belmont
2077,g39015,Brown
2078,g39017,Butler
2079,g39021,Champaign
2080,g39023,Clark
2081,g39025,Clermont
2082,g39027,Clinton
2083,g39113,Montgomery
2084,g39115,Morgan
2085,g39117,Morrow
2086,g39119,Muskingum
2087,g39123,Ottawa
2088,g39125,Paulding
2089,g39127,Perry
2090,g39129,Pickaway
2091,g39131,Pike
2092,g39067,Harrison
2093,g39069,Henry
2094,g39071,Highland
2095,g39073,Hocking
2096,g39075,Holmes
2097,g39077,Huron
2098,g39081,Jefferson
2099,g39083,Knox
2100,g39085,Lake
2101,g39087,Lawrence
2102,g39089,Licking
2103,g39091,Logan
2104,g39097,Madison
2105,g39099,Mahoning
2106,g39103,Medina
2107,g39105,Meigs
2108,g39107,Mercer
2109,g39109,Miami
2110,g39111,Monroe
2111,g39121,Noble
2112,g39133,Portage
2113,g39135,Preble
2114,g39139,Richland
2115,g39141,Ross
2116,g39143,Sandusky
2117,g39145,Scioto
2118,g39147,Seneca
2119,g39149,Shelby
2120,g39151,Stark
2121,g39153,Summit
2122,g39155,Trumbull
2123,g39157,Tuscarawas
2124,g39161,Van Wert
2125,g39163,Vinton
2126,g39165,Warren
2127,g39167,Washington
2128,g39169,Wayne
2129,g39171,Williams
2130,g39173,Wood
2131,g40051,Grady
2132,g40053,Grant
2133,g40055,Greer
2134,g40059,Harper
2135,g40061,Haskell
2136,g40001,Adair
2137,g40003,Alfalfa
2138,g40009,Beckham
2139,g40013,Bryan
2140,g40023,Choctaw
2141,g40027,Cleveland
2142,g40039,Custer
2143,g40057,Harmon
2144,g40065,Jackson
2145,g40075,Kiowa
2146,g40087,McClain
2147,g40089,McCurtain
2148,g40095,Marshall
2149,g40097,Mayes
2150,g40101,Muskogee
2151,g40113,Osage
2152,g40117,Pawnee
2153,g40125,Pottawatomie
2154,g40133,Seminole
2155,g40135,Sequoyah
2156,g40137,Stephens
2157,g40141,Tillman
2158,g40005,Atoka
2159,g40007,Beaver
2160,g40011,Blaine
2161,g40015,Caddo
2162,g40017,Canadian
2163,g40019,Carter
2164,g40021,Cherokee
2165,g40025,Cimarron
2166,g40029,Coal
2167,g40031,Comanche
2168,g40033,Cotton
2169,g40035,Craig
2170,g40037,Creek
2171,g40041,Delaware
2172,g40043,Dewey
2173,g40045,Ellis
2174,g40047,Garfield
2175,g40049,Garvin
2176,g40093,Major
2177,g40099,Murray
2178,g40103,Noble
2179,g40105,Nowata
2180,g40107,Okfuskee
2181,g40109,Oklahoma
2182,g40111,Okmulgee
2183,g40115,Ottawa
2184,g40119,Payne
2185,g40121,Pittsburg
2186,g40123,Pontotoc
2187,g40127,Pushmataha
2188,g40063,Hughes
2189,g40067,Jefferson
2190,g40069,Johnston
2191,g40071,Kay
2192,g40073,Kingfisher
2193,g40077,Latimer
2194,g40079,Le Flore
2195,g40081,Lincoln
2196,g40083,Logan
2197,g40085,Love
2198,g40091,McIntosh
2199,g40129,Roger Mills
2200,g40131,Rogers
2201,g40139,Texas
2202,g40143,Tulsa
2203,g40145,Wagoner
2204,g40147,Washington
2205,g40149,Washita
2206,g40151,Woods
2207,g40153,Woodward
2208,g41059,Umatilla
2209,g41063,Wallowa
2210,g41067,Washington
2211,g41069,Wheeler
2212,g41071,Yamhill
2213,g41001,Baker
2214,g41003,Benton
2215,g41005,Clackamas
2216,g41007,Clatsop
2217,g41009,Columbia
2218,g41011,Coos
2219,g41013,Crook
2220,g41015,Curry
2221,g41017,Deschutes
2222,g41019,Douglas
2223,g41021,Gilliam
2224,g41023,Grant
2225,g41025,Harney
2226,g41033,Josephine
2227,g41035,Klamath
2228,g41039,Lane
2229,g41041,Lincoln
2230,g41043,Linn
2231,g41047,Marion
2232,g41051,Multnomah
2233,g41055,Sherman
2234,g41061,Union
2235,g41065,Wasco
2236,g41027,Hood River
2237,g41029,Jackson
2238,g41031,Jefferson
2239,g41037,Lake
2240,g41045,Malheur
2241,g41049,Morrow
2242,g41053,Polk
2243,g41057,Tillamook
2244,g42009,Bedford
2245,g42011,Berks
2246,g42013,Blair
2247,g42019,Butler
2248,g42021,Cambria
2249,g42025,Carbon
2250,g42035,Clinton
2251,g42037,Columbia
2252,g42039,Crawford
2253,g42047,Elk
2254,g42053,Forest
2255,g42057,Fulton
2256,g42063,Indiana
2257,g42065,Jefferson
2258,g42067,Juniata
2259,g42069,Lackawanna
2260,g42073,Lawrence
2261,g42075,Lebanon
2262,g42077,Lehigh
2263,g42079,Luzerne
2264,g42001,Adams
2265,g42003,Allegheny
2266,g42005,Armstrong
2267,g42007,Beaver
2268,g42015,Bradford
2269,g42017,Bucks
2270,g42027,Centre
2271,g42029,Chester
2272,g42031,Clarion
2273,g42033,Clearfield
2274,g42041,Cumberland
2275,g42043,Dauphin
2276,g42045,Delaware
2277,g42049,Erie
2278,g42051,Fayette
2279,g42055,Franklin
2280,g42059,Greene
2281,g42061,Huntingdon
2282,g42071,Lancaster
2283,g42083,McKean
2284,g42089,Monroe
2285,g42091,Montgomery
2286,g42095,Northampton
2287,g42097,Northumberland
2288,g42099,Perry
2289,g42101,Philadelphia
2290,g42103,Pike
2291,g42111,Somerset
2292,g42123,Warren
2293,g42125,Washington
2294,g42127,Wayne
2295,g42129,Westmoreland
2296,g42133,York
2297,g42081,Lycoming
2298,g42085,Mercer
2299,g42087,Mifflin
2300,g42093,Montour
2301,g42105,Potter
2302,g42107,Schuylkill
2303,g42109,Snyder
2304,g42023,Cameron
2305,g42113,Sullivan
2306,g42115,Susquehanna
2307,g42117,Tioga
2308,g42119,Union
2309,g42121,Venango
2310,g42131,Wyoming
2311,g44001,Bristol
2312,g44003,Kent
2313,g44005,Newport
2314,g44007,Providence
2315,g44009,Washington
2316,g45021,Cherokee
2317,g45033,Dillon
2318,g45037,Edgefield
2319,g45039,Fairfield
2320,g45047,Greenwood
2321,g45055,Kershaw
2322,g45059,Laurens
2323,g45065,McCormick
2324,g45069,Marlboro
2325,g45075,Orangeburg
2326,g45079,Richland
2327,g45081,Saluda
2328,g45091,York
2329,g45023,Chester
2330,g45001,Abbeville
2331,g45003,Aiken
2332,g45005,Allendale
2333,g45007,Anderson
2334,g45009,Bamberg
2335,g45011,Barnwell
2336,g45013,Beaufort
2337,g45015,Berkeley
2338,g45017,Calhoun
2339,g45019,Charleston
2340,g45025,Chesterfield
2341,g45027,Clarendon
2342,g45029,Colleton
2343,g45031,Darlington
2344,g45035,Dorchester
2345,g45041,Florence
2346,g45043,Georgetown
2347,g45045,Greenville
2348,g45049,Hampton
2349,g45051,Horry
2350,g45053,Jasper
2351,g45057,Lancaster
2352,g45061,Lee
2353,g45063,Lexington
2354,g45067,Marion
2355,g45071,Newberry
2356,g45073,Oconee
2357,g45077,Pickens
2358,g45083,Spartanburg
2359,g45085,Sumter
2360,g45087,Union
2361,g45089,Williamsburg
2362,g46013,Brown
2363,g46015,Brule
2364,g46019,Butte
2365,g46021,Campbell
2366,g46025,Clark
2367,g46027,Clay
2368,g46029,Codington
2369,g46031,Corson
2370,g46033,Custer
2371,g46037,Day
2372,g46039,Deuel
2373,g46043,Douglas
2374,g46045,Edmunds
2375,g46047,Fall River
2376,g46049,Faulk
2377,g46051,Grant
2378,g46053,Gregory
2379,g46059,Hand
2380,g46061,Hanson
2381,g46063,Harding
2382,g46065,Hughes
2383,g46067,Hutchinson
2384,g46071,Jackson
2385,g46073,Jerauld
2386,g46077,Kingsbury
2387,g46079,Lake
2388,g46081,Lawrence
2389,g46083,Lincoln
2390,g46003,Aurora
2391,g46005,Beadle
2392,g46007,Bennett
2393,g46009,Bon Homme
2394,g46011,Brookings
2395,g46017,Buffalo
2396,g46023,Charles Mix
2397,g46035,Davison
2398,g46041,Dewey
2399,g46055,Haakon
2400,g46069,Hyde
2401,g46075,Jones
2402,g46085,Lyman
2403,g46093,Meade
2404,g46095,Mellette
2405,g46103,Pennington
2406,g46111,Sanborn
2407,g46117,Stanley
2408,g46123,Tripp
2409,g46125,Turner
2410,g46137,Ziebach
2411,g46109,Roberts
2412,g46113,Shannon
2413,g46115,Spink
2414,g46119,Sully
2415,g46121,Todd
2416,g46127,Union
2417,g46129,Walworth
2418,g46135,Yankton
2419,g46057,Hamlin
2420,g46087,McCook
2421,g46089,McPherson
2422,g46091,Marshall
2423,g46097,Miner
2424,g46099,Minnehaha
2425,g46101,Moody
2426,g46105,Perkins
2427,g46107,Potter
2428,g47067,Hancock
2429,g47071,Hardin
2430,g47075,Haywood
2431,g47077,Henderson
2432,g47083,Houston
2433,g47001,Anderson
2434,g47003,Bedford
2435,g47005,Benton
2436,g47009,Blount
2437,g47013,Campbell
2438,g47019,Carter
2439,g47021,Cheatham
2440,g47025,Claiborne
2441,g47029,Cocke
2442,g47031,Coffee
2443,g47033,Crockett
2444,g47035,Cumberland
2445,g47037,Davidson
2446,g47041,DeKalb
2447,g47049,Fentress
2448,g47053,Gibson
2449,g47055,Giles
2450,g47057,Grainger
2451,g47059,Greene
2452,g47063,Hamblen
2453,g47065,Hamilton
2454,g47069,Hardeman
2455,g47073,Hawkins
2456,g47079,Henry
2457,g47081,Hickman
2458,g47085,Humphreys
2459,g47089,Jefferson
2460,g47091,Johnson
2461,g47093,Knox
2462,g47097,Lauderdale
2463,g47105,Loudon
2464,g47107,McMinn
2465,g47117,Marshall
2466,g47119,Maury
2467,g47121,Meigs
2468,g47123,Monroe
2469,g47127,Moore
2470,g47129,Morgan
2471,g47135,Perry
2472,g47141,Putnam
2473,g47143,Rhea
2474,g47145,Roane
2475,g47149,Rutherford
2476,g47151,Scott
2477,g47155,Sevier
2478,g47159,Smith
2479,g47163,Sullivan
2480,g47165,Sumner
2481,g47167,Tipton
2482,g47183,Weakley
2483,g47185,White
2484,g47187,Williamson
2485,g47189,Wilson
2486,g47007,Bledsoe
2487,g47011,Bradley
2488,g47015,Cannon
2489,g47017,Carroll
2490,g47023,Chester
2491,g47027,Clay
2492,g47039,Decatur
2493,g47043,Dickson
2494,g47045,Dyer
2495,g47047,Fayette
2496,g47051,Franklin
2497,g47061,Grundy
2498,g47147,Robertson
2499,g47153,Sequatchie
2500,g47157,Shelby
2501,g47161,Stewart
2502,g47087,Jackson
2503,g47095,Lake
2504,g47099,Lawrence
2505,g47101,Lewis
2506,g47103,Lincoln
2507,g47109,McNairy
2508,g47111,Macon
2509,g47113,Madison
2510,g47115,Marion
2511,g47125,Montgomery
2512,g47131,Obion
2513,g47133,Overton
2514,g47137,Pickett
2515,g47139,Polk
2516,g47169,Trousdale
2517,g47171,Unicoi
2518,g47173,Union
2519,g47175,Van Buren
2520,g47177,Warren
2521,g47179,Washington
2522,g47181,Wayne
2523,g48185,Grimes
2524,g48189,Hale
2525,g48191,Hall
2526,g48199,Hardin
2527,g48201,Harris
2528,g48203,Harrison
2529,g48211,Hemphill
2530,g48213,Henderson
2531,g48223,Hopkins
2532,g48225,Houston
2533,g48233,Hutchinson
2534,g48241,Jasper
2535,g48243,Jeff Davis
2536,g48261,Kenedy
2537,g48263,Kent
2538,g48269,King
2539,g48273,Kleberg
2540,g48277,Lamar
2541,g48287,Lee
2542,g48289,Leon
2543,g48295,Lipscomb
2544,g48301,Loving
2545,g48311,McMullen
2546,g48313,Madison
2547,g48321,Matagorda
2548,g48327,Menard
2549,g48333,Mills
2550,g48339,Montgomery
2551,g48341,Moore
2552,g48343,Morris
2553,g48347,Nacogdoches
2554,g48349,Navarro
2555,g48355,Nueces
2556,g48217,Hill
2557,g48219,Hockley
2558,g48221,Hood
2559,g48227,Howard
2560,g48229,Hudspeth
2561,g48231,Hunt
2562,g48235,Irion
2563,g48237,Jack
2564,g48367,Parker
2565,g48371,Pecos
2566,g48373,Polk
2567,g48379,Rains
2568,g48383,Reagan
2569,g48387,Red River
2570,g48391,Refugio
2571,g48405,San Augustine
2572,g48407,San Jacinto
2573,g48409,San Patricio
2574,g48411,San Saba
2575,g48419,Shelby
2576,g48423,Smith
2577,g48425,Somervell
2578,g48435,Sutton
2579,g48443,Terrell
2580,g48447,Throckmorton
2581,g48453,Travis
2582,g48455,Trinity
2583,g48457,Tyler
2584,g48467,Van Zandt
2585,g48469,Victoria
2586,g48473,Waller
2587,g48475,Ward
2588,g48481,Wharton
2589,g48491,Williamson
2590,g48495,Winkler
2591,g48499,Wood
2592,g48507,Zavala
2593,g48183,Gregg
2594,g48193,Hamilton
2595,g48195,Hansford
2596,g48197,Hardeman
2597,g48205,Hartley
2598,g48207,Haskell
2599,g48209,Hays
2600,g48215,Hidalgo
2601,g48001,Anderson
2602,g48003,Andrews
2603,g48005,Angelina
2604,g48007,Aransas
2605,g48011,Armstrong
2606,g48015,Austin
2607,g48023,Baylor
2608,g48025,Bee
2609,g48029,Bexar
2610,g48035,Bosque
2611,g48037,Bowie
2612,g48039,Brazoria
2613,g48041,Brazos
2614,g48051,Burleson
2615,g48055,Caldwell
2616,g48057,Calhoun
2617,g48063,Camp
2618,g48067,Cass
2619,g48071,Chambers
2620,g48073,Cherokee
2621,g48079,Cochran
2622,g48083,Coleman
2623,g48091,Comal
2624,g48101,Cottle
2625,g48103,Crane
2626,g48105,Crockett
2627,g48113,Dallas
2628,g48119,Delta
2629,g48125,Dickens
2630,g48127,Dimmit
2631,g48135,Ector
2632,g48153,Floyd
2633,g48155,Foard
2634,g48157,Fort Bend
2635,g48161,Freestone
2636,g48167,Galveston
2637,g48173,Glasscock
2638,g48175,Goliad
2639,g48305,Lynn
2640,g48307,McCulloch
2641,g48309,McLennan
2642,g48315,Marion
2643,g48317,Martin
2644,g48319,Mason
2645,g48323,Maverick
2646,g48239,Jackson
2647,g48245,Jefferson
2648,g48247,Jim Hogg
2649,g48249,Jim Wells
2650,g48251,Johnson
2651,g48253,Jones
2652,g48255,Karnes
2653,g48257,Kaufman
2654,g48259,Kendall
2655,g48265,Kerr
2656,g48267,Kimble
2657,g48271,Kinney
2658,g48275,Knox
2659,g48279,Lamb
2660,g48281,Lampasas
2661,g48283,La Salle
2662,g48285,Lavaca
2663,g48291,Liberty
2664,g48293,Limestone
2665,g48297,Live Oak
2666,g48299,Llano
2667,g48303,Lubbock
2668,g48403,Sabine
2669,g48413,Schleicher
2670,g48415,Scurry
2671,g48417,Shackelford
2672,g48421,Sherman
2673,g48427,Starr
2674,g48429,Stephens
2675,g48431,Sterling
2676,g48433,Stonewall
2677,g48437,Swisher
2678,g48325,Medina
2679,g48329,Midland
2680,g48331,Milam
2681,g48335,Mitchell
2682,g48337,Montague
2683,g48345,Motley
2684,g48351,Newton
2685,g48353,Nolan
2686,g48357,Ochiltree
2687,g48359,Oldham
2688,g48361,Orange
2689,g48363,Palo Pinto
2690,g48365,Panola
2691,g48369,Parmer
2692,g48375,Potter
2693,g48377,Presidio
2694,g48381,Randall
2695,g48385,Real
2696,g48393,Roberts
2697,g48397,Rockwall
2698,g48399,Runnels
2699,g48401,Rusk
2700,g48439,Tarrant
2701,g48441,Taylor
2702,g48445,Terry
2703,g48449,Titus
2704,g48451,Tom Green
2705,g48459,Upshur
2706,g48461,Upton
2707,g48463,Uvalde
2708,g48465,Val Verde
2709,g48471,Walker
2710,g48497,Wise
2711,g48501,Yoakum
2712,g48503,Young
2713,g48505,Zapata
2714,g48009,Archer
2715,g48013,Atascosa
2716,g48017,Bailey
2717,g48019,Bandera
2718,g48479,Webb
2719,g48483,Wheeler
2720,g48485,Wichita
2721,g48487,Wilbarger
2722,g48489,Willacy
2723,g48493,Wilson
2724,g48097,Cooke
2725,g48099,Coryell
2726,g48107,Crosby
2727,g48109,Culberson
2728,g48111,Dallam
2729,g48115,Dawson
2730,g48117,Deaf Smith
2731,g48121,Denton
2732,g48123,DeWitt
2733,g48021,Bastrop
2734,g48027,Bell
2735,g48031,Blanco
2736,g48033,Borden
2737,g48043,Brewster
2738,g48045,Briscoe
2739,g48047,Brooks
2740,g48049,Brown
2741,g48053,Burnet
2742,g48059,Callahan
2743,g48065,Carson
2744,g48069,Castro
2745,g48075,Childress
2746,g48077,Clay
2747,g48081,Coke
2748,g48085,Collin
2749,g48087,Collingsworth
2750,g48089,Colorado
2751,g48093,Comanche
2752,g48095,Concho
2753,g48129,Donley
2754,g48131,Duval
2755,g48133,Eastland
2756,g48137,Edwards
2757,g48141,El Paso
2758,g48143,Erath
2759,g48145,Falls
2760,g48147,Fannin
2761,g48149,Fayette
2762,g48151,Fisher
2763,g48159,Franklin
2764,g48163,Frio
2765,g48165,Gaines
2766,g48169,Garza
2767,g48171,Gillespie
2768,g48177,Gonzales
2769,g48179,Gray
2770,g48181,Grayson
2771,g48395,Robertson
2772,g48477,Washington
2773,g48139,Ellis
2774,g48061,Cameron
2775,g48389,Reeves
2776,g48187,Guadalupe
2777,g49027,Millard
2778,g49033,Rich
2779,g49037,San Juan
2780,g49039,Sanpete
2781,g49041,Sevier
2782,g49053,Washington
2783,g49055,Wayne
2784,g49045,Tooele
2785,g49001,Beaver
2786,g49003,Box Elder
2787,g49005,Cache
2788,g49007,Carbon
2789,g49009,Daggett
2790,g49011,Davis
2791,g49013,Duchesne
2792,g49015,Emery
2793,g49017,Garfield
2794,g49019,Grand
2795,g49021,Iron
2796,g49023,Juab
2797,g49025,Kane
2798,g49029,Morgan
2799,g49031,Piute
2800,g49035,Salt Lake
2801,g49043,Summit
2802,g49047,Uintah
2803,g49049,Utah
2804,g49051,Wasatch
2805,g49057,Weber
2806,g50015,Lamoille
2807,g50017,Orange
2808,g50019,Orleans
2809,g50021,Rutland
2810,g50023,Washington
2811,g50025,Windham
2812,g50027,Windsor
2813,g50001,Addison
2814,g50003,Bennington
2815,g50005,Caledonia
2816,g50007,Chittenden
2817,g50009,Essex
2818,g50011,Franklin
2819,g50013,Grand Isle
2820,g51021,Bland
2821,g51025,Brunswick
2822,g51035,Carroll
2823,g51043,Clarke
2824,g51045,Craig
2825,g51049,Cumberland
2826,g51065,Fluvanna
2827,g51071,Giles
2828,g51075,Goochland
2829,g51077,Grayson
2830,g51079,Greene
2831,g51089,Henry
2832,g51099,King George
2833,g51001,Accomack
2834,g51003,Albemarle
2835,g51005,Alleghany
2836,g51007,Amelia
2837,g51009,Amherst
2838,g51015,Augusta
2839,g51017,Bath
2840,g51019,Bedford
2841,g51023,Botetourt
2842,g51027,Buchanan
2843,g51029,Buckingham
2844,g51031,Campbell
2845,g51033,Caroline
2846,g51036,Charles City
2847,g51037,Charlotte
2848,g51041,Chesterfield
2849,g51047,Culpeper
2850,g51051,Dickenson
2851,g51053,Dinwiddie
2852,g51057,Essex
2853,g51059,Fairfax
2854,g51061,Fauquier
2855,g51063,Floyd
2856,g51067,Franklin
2857,g51069,Frederick
2858,g51073,Gloucester
2859,g51081,Greensville
2860,g51083,Halifax
2861,g51085,Hanover
2862,g51087,Henrico
2863,g51091,Highland
2864,g51093,Isle of Wight
2865,g51095,James City
2866,g51097,King and Queen
2867,g51101,King William
2868,g51107,Loudoun
2869,g51111,Lunenburg
2870,g51113,Madison
2871,g51117,Mecklenburg
2872,g51121,Montgomery
2873,g51125,Nelson
2874,g51127,New Kent
2875,g51137,Orange
2876,g51139,Page
2877,g51141,Patrick
2878,g51143,Pittsylvania
2879,g51147,Prince Edward
2880,g51161,Roanoke
2881,g51163,Rockbridge
2882,g51165,Rockingham
2883,g51167,Russell
2884,g51171,Shenandoah
2885,g51175,Southampton
2886,g51177,Spotsylvania
2887,g51179,Stafford
2888,g51185,Tazewell
2889,g51191,Washington
2890,g51193,Westmoreland
2891,g51195,Wise
2892,g51570,Colonial Heights
2893,g51610,Falls Church
2894,g51678,Lexington
2895,g51720,Norton
2896,g51790,Staunton
2897,g51840,Winchester
2898,g51105,Lee
2899,g51013,Arlington
2900,g51103,Lancaster
2901,g51109,Louisa
2902,g51115,Mathews
2903,g51119,Middlesex
2904,g51131,Northampton
2905,g51133,Northumberland
2906,g51135,Nottoway
2907,g51145,Powhatan
2908,g51149,Prince George
2909,g51155,Pulaski
2910,g51157,Rappahannock
2911,g51159,Richmond
2912,g51169,Scott
2913,g51173,Smyth
2914,g51181,Surry
2915,g51183,Sussex
2916,g51187,Warren
2917,g51197,Wythe
2918,g51199,York
2919,g51510,Alexandria
2920,g51515,Bedford
2921,g51520,Bristol
2922,g51530,Buena Vista
2923,g51540,Charlottesville
2924,g51550,Chesapeake
2925,g51580,Covington
2926,g51590,Danville
2927,g51595,Emporia
2928,g51600,Fairfax
2929,g51620,Franklin
2930,g51630,Fredericksburg
2931,g51640,Galax
2932,g51650,Hampton
2933,g51660,Harrisonburg
2934,g51670,Hopewell
2935,g51680,Lynchburg
2936,g51683,Manassas
2937,g51685,Manassas Park
2938,g51690,Martinsville
2939,g51700,Newport News
2940,g51710,Norfolk
2941,g51730,Petersburg
2942,g51735,Poquoson
2943,g51740,Portsmouth
2944,g51750,Radford
2945,g51760,Richmond
2946,g51770,Roanoke
2947,g51775,Salem
2948,g51800,Suffolk
2949,g51810,Virginia Beach
2950,g51820,Waynesboro
2951,g51830,Williamsburg
2952,g51153,Prince William
2953,g51011,Appomattox
2954,g53001,Adams
2955,g53003,Asotin
2956,g53005,Benton
2957,g53007,Chelan
2958,g53009,Clallam
2959,g53011,Clark
2960,g53013,Columbia
2961,g53015,Cowlitz
2962,g53017,Douglas
2963,g53019,Ferry
2964,g53021,Franklin
2965,g53025,Grant
2966,g53027,Grays Harbor
2967,g53029,Island
2968,g53031,Jefferson
2969,g53033,King
2970,g53035,Kitsap
2971,g53041,Lewis
2972,g53043,Lincoln
2973,g53047,Okanogan
2974,g53049,Pacific
2975,g53053,Pierce
2976,g53055,San Juan
2977,g53057,Skagit
2978,g53061,Snohomish
2979,g53065,Stevens
2980,g53067,Thurston
2981,g53071,Walla Walla
2982,g53073,Whatcom
2983,g53075,Whitman
2984,g53077,Yakima
2985,g53023,Garfield
2986,g53039,Klickitat
2987,g53045,Mason
2988,g53051,Pend Oreille
2989,g53059,Skamania
2990,g53063,Spokane
2991,g53069,Wahkiakum
2992,g53037,Kittitas
2993,g54077,Preston
2994,g54079,Putnam
2995,g54089,Summers
2996,g54091,Taylor
2997,g54097,Upshur
2998,g54001,Barbour
2999,g54003,Berkeley
3000,g54005,Boone
3001,g54007,Braxton
3002,g54009,Brooke
3003,g54011,Cabell
3004,g54013,Calhoun
3005,g54015,Clay
3006,g54019,Fayette
3007,g54021,Gilmer
3008,g54025,Greenbrier
3009,g54031,Hardy
3010,g54033,Harrison
3011,g54039,Kanawha
3012,g54041,Lewis
3013,g54043,Lincoln
3014,g54045,Logan
3015,g54057,Mineral
3016,g54059,Mingo
3017,g54067,Nicholas
3018,g54071,Pendleton
3019,g54075,Pocahontas
3020,g54081,Raleigh
3021,g54083,Randolph
3022,g54085,Ritchie
3023,g54087,Roane
3024,g54093,Tucker
3025,g54095,Tyler
3026,g54099,Wayne
3027,g54103,Wetzel
3028,g54109,Wyoming
3029,g54017,Doddridge
3030,g54023,Grant
3031,g54027,Hampshire
3032,g54029,Hancock
3033,g54035,Jackson
3034,g54037,Jefferson
3035,g54047,McDowell
3036,g54049,Marion
3037,g54051,Marshall
3038,g54053,Mason
3039,g54055,Mercer
3040,g54061,Monongalia
3041,g54063,Monroe
3042,g54065,Morgan
3043,g54069,Ohio
3044,g54073,Pleasants
3045,g54101,Webster
3046,g54105,Wirt
3047,g54107,Wood
3048,g55053,Jackson
3049,g55055,Jefferson
3050,g55059,Kenosha
3051,g55061,Kewaunee
3052,g55063,La Crosse
3053,g55067,Langlade
3054,g55001,Adams
3055,g55003,Ashland
3056,g55005,Barron
3057,g55007,Bayfield
3058,g55009,Brown
3059,g55011,Buffalo
3060,g55015,Calumet
3061,g55029,Door
3062,g55033,Dunn
3063,g55043,Grant
3064,g55057,Juneau
3065,g55065,Lafayette
3066,g55075,Marinette
3067,g55083,Oconto
3068,g55097,Portage
3069,g55107,Rusk
3070,g55111,Sauk
3071,g55121,Trempealeau
3072,g55137,Waushara
3073,g55013,Burnett
3074,g55017,Chippewa
3075,g55019,Clark
3076,g55021,Columbia
3077,g55023,Crawford
3078,g55025,Dane
3079,g55027,Dodge
3080,g55031,Douglas
3081,g55035,Eau Claire
3082,g55037,Florence
3083,g55039,Fond du Lac
3084,g55041,Forest
3085,g55045,Green
3086,g55047,Green Lake
3087,g55049,Iowa
3088,g55051,Iron
3089,g55109,St. Croix
3090,g55113,Sawyer
3091,g55115,Shawano
3092,g55117,Sheboygan
3093,g55119,Taylor
3094,g55123,Vernon
3095,g55069,Lincoln
3096,g55071,Manitowoc
3097,g55073,Marathon
3098,g55077,Marquette
3099,g55078,Menominee
3100,g55079,Milwaukee
3101,g55081,Monroe
3102,g55085,Oneida
3103,g55087,Outagamie
3104,g55089,Ozaukee
3105,g55091,Pepin
3106,g55093,Pierce
3107,g55095,Polk
3108,g55099,Price
3109,g55101,Racine
3110,g55103,Richland
3111,g55105,Rock
3112,g55125,Vilas
3113,g55127,Walworth
3114,g55129,Washburn
3115,g55131,Washington
3116,g55133,Waukesha
3117,g55135,Waupaca
3118,g55139,Winnebago
3119,g55141,Wood
3120,g56009,Converse
3121,g56001,Albany
3122,g56003,Big Horn
3123,g56005,Campbell
3124,g56007,Carbon
3125,g56011,Crook
3126,g56013,Fremont
3127,g56015,Goshen
3128,g56017,Hot Springs
3129,g56021,Laramie
3130,g56029,Park
3131,g56033,Sheridan
3132,g56035,Sublette
3133,g56039,Teton
3134,g56041,Uinta
3135,g56019,Johnson
3136,g56023,Lincoln
3137,g56025,Natrona
3138,g56027,Niobrara
3139,g56031,Platte
3140,g56037,Sweetwater
3141,g56043,Washakie
3142,g56045,Weston
